{
    "total_return": 32.39178441846073,
    "annualized_return": 0.37917950563950753,
    "sharpe_ratio": 1.956061741100415,
    "max_drawdown": -0.21461696848526612,
    "calmar_ratio": 1.7667731881393103,
    "win_rate": 0.5632727272727273,
    "num_days": 2750,
    "signal_time_sec": 0.0594
}